Training slopes,Evaluation slope,Completion,Base MPJPE (mm),World MPJPE (mm)
17°,9°,0% (0/10),Not available,Not available
17°,17°,100% (10/10),22.18 ± 0.38,93.94 ± 16.69
17°,25°,0% (0/10),Not available,Not available
9° + 17°,9°,100% (10/10),17.67 ± 0.21,60.49 ± 3.18
9° + 17°,17°,100% (10/10),20.95 ± 0.34,97.33 ± 12.35
9° + 17°,25°,0% (0/10),Not available,Not available
9° + 17° + 25°,9°,100% (10/10),17.97 ± 0.51,79.10 ± 8.97
9° + 17° + 25°,17°,100% (10/10),22.24 ± 0.46,96.75 ± 8.94
9° + 17° + 25°,25°,100% (10/10),23.74 ± 0.27,227.16 ± 10.35
